{
    "name": "DAMM-LPVDS",
    "K": 25,
    "M": 2,
    "Prior": [
        0.0729064039408867,
        0.013793103448275862,
        0.02167487684729064,
        0.07881773399014778,
        0.2876847290640394,
        0.0049261083743842365,
        0.023645320197044337,
        0.009852216748768473,
        0.04532019704433497,
        0.023645320197044337,
        0.05024630541871921,
        0.03251231527093596,
        0.033497536945812804,
        0.02857142857142857,
        0.034482758620689655,
        0.029556650246305417,
        0.03940886699507389,
        0.04039408866995074,
        0.014778325123152709,
        0.014778325123152709,
        0.02167487684729064,
        0.015763546798029555,
        0.022660098522167486,
        0.027586206896551724,
        0.011822660098522168
    ],
    "Mu": [
        0.5247778313736289,
        0.575650131435302,
        0.5065332185004792,
        0.4144440952981131,
        0.26794398926898366,
        0.28367523986292836,
        0.13184916472764202,
        0.10101082503695769,
        0.019788902446720515,
        0.019111584110395635,
        0.41046747722715615,
        0.3129244522683381,
        0.4133505424943602,
        1.0159548529314835,
        1.5712398813892325,
        0.85645195746821,
        1.3888842806608286,
        0.8456128156542476,
        1.3999338068729699,
        0.5968534878152608,
        1.2060785172445576,
        0.48407759345334944,
        0.9375747955850486,
        0.4210227239493783,
        0.7334673736964801,
        0.33030770921055547,
        0.5420456047607544,
        0.24412782923140044,
        0.346717732313693,
        0.15615495121522643,
        0.5148577344115617,
        1.2216584786312008,
        0.3574133578480177,
        0.8427363297442293,
        0.2415987570213083,
        0.5777219878190232,
        0.16280529643774747,
        0.3848405221781016,
        0.12268473087245332,
        0.2926580809210026,
        0.07353032010072653,
        0.1791883914596896,
        1.5273806553333475,
        1.0636208539492564,
        1.4825696472830912,
        1.2572987039807957,
        0.7198568337147137,
        1.5497452629721813,
        0.5832843145126999,
        1.4207201897932145
    ],
    "Sigma": [
        0.06269398331642151,
        0.02353643625974655,
        0.02353643625974655,
        0.03530251607298851,
        0.011009815149009228,
        0.002952511655166745,
        0.002952511655166745,
        0.0024217129684984684,
        0.008613938465714455,
        0.0035174039658159018,
        0.0035174039658159018,
        0.003892126027494669,
        0.0106949582695961,
        0.005226456094533205,
        0.005226456094533205,
        0.005689773242920637,
        0.0001538134820293635,
        -4.5737182517768815e-05,
        -4.5737182517768815e-05,
        0.0001095444240490906,
        0.0012648815754801035,
        0.000964280916377902,
        0.000964280916377902,
        0.0007351184030994773,
        0.012159163132309914,
        0.0006328730378299952,
        0.0006328730378299952,
        0.007820429280400276,
        0.005593032576143742,
        0.0031192379537969828,
        0.0031192379537969828,
        0.001739845727570355,
        0.003424464026466012,
        -0.00854321476072073,
        -0.00854321476072073,
        0.027124155312776566,
        0.0004876034799963236,
        0.0013117486378178,
        0.0013117486378178,
        0.0038560025859624147,
        0.018850253894925117,
        0.002019051695242524,
        0.002019051695242524,
        0.0003324296267237514,
        0.006981728598475456,
        0.0030124301556497812,
        0.0030124301556497812,
        0.00130056485068053,
        0.007322155404835939,
        0.0032931414898484945,
        0.0032931414898484945,
        0.0014812035951763391,
        0.005347758997231722,
        0.0024078250862658024,
        0.0024078250862658024,
        0.0010841856710612774,
        0.008086354471743107,
        0.003643662203103304,
        0.003643662203103304,
        0.0016418383456766605,
        0.006618260871618986,
        0.004960913211107254,
        0.004960913211107254,
        0.014070626348257065,
        0.011813389137387276,
        0.010314748622477055,
        0.010314748622477055,
        0.014996349811553955,
        0.006674785166978836,
        0.007707849610596895,
        0.007707849610596895,
        0.013724041171371937,
        0.001805863343179226,
        0.0009176472667604685,
        0.0009176472667604685,
        0.0016669770702719688,
        0.0009137624874711037,
        0.000727663456927985,
        0.000727663456927985,
        0.0018984286580234766,
        0.0009403856238350272,
        0.001585268066264689,
        0.001585268066264689,
        0.0036929443012923002,
        0.012027505785226822,
        0.008565307594835758,
        0.008565307594835758,
        0.006101721432060003,
        0.021206490695476532,
        0.01818048022687435,
        0.01818048022687435,
        0.015588436275720596,
        0.02541477605700493,
        0.005048802122473717,
        0.005048802122473717,
        0.006355242803692818,
        0.0028562829829752445,
        0.0021707783453166485,
        0.0021707783453166485,
        0.0037595038302242756
    ],