{"time(m)": 7.23594289223353, "iteration": 15, "timesteps": 3216000.0, "true/feasible_reward": -0.02856807706960003, "true/average_reward": 0.024680928690348904, "true/violation_episodes_portion": 0.25, "true/violation_steps_portion": 0.015312131919905771, "true/average_episode_length": 127.35, "best_true/best_reward": 0.8130585310707167, "best_true/best_cost": 0.05084745762711865, "forward/learning_rate": 0.0003, "forward/entropy_loss": 0.6446532477935155, "forward/policy_gradient_loss": 0.0026981648018894098, "forward/policy_reward_loss": 0.0026981648018894098, "forward/policy_cost_loss": 0.0, "forward/reward_value_loss": 0.06352322449286779, "forward/cost_value_loss": 0.038060708825166024, "forward/approx_kl": 0.015179537236690521, "forward/clip_fraction": 0.1302362351367871, "forward/loss": 0.021889574825763702, "forward/mean_reward_advantages": -0.02616218477487564, "forward/mean_cost_advantages": -0.004702448379248381, "forward/reward_explained_variance": 0.9997400543943513, "forward/cost_explained_variance": 0.9986479867948219, "forward/nu": 198.40948486328125, "forward/nu_loss": -88.57718658447266, "forward/average_cost": 0.44699999690055847, "forward/total_cost": 1341.0, "forward/early_stop_epoch": 4, "forward/std": 0.17820391058921814, "forward/n_updates": 10720, "forward/clip_range": 0.2, "time/iterations": 68, "time/fps": 7593, "time/time_elapsed": 26, "time/total_timesteps": 201000, "rollout/ep_rew_mean": 72.62811258, "rollout/ep_len_mean": 36.44, "forward/early_stop_forward": 0, "true/accuracy": 0.9569098184056632, "true/false_positive_rate": 0.04525706010137581, "true/recall": 0.9691991786447639, "true/precision": 0.7906197654941374, "true/jaccard": 0.7712418300653595, "true/F1score": 0.4354243542435424, "_timestamp": 1716484165.7017326, "_runtime": 440.4168996810913, "_step": 3}